USE IPEKSUARITMADATABASE

INSERT INTO PERSON (TRIdentifyNo, Address, Email, FirstName, LastName)
VALUES('90000000001', 'Istanbul, Bakırköy, Atatürk Caddesi', 'ahmet.yılmaz@gmail.com', 'Ahmet', 'Yılmaz'),
       ('90000000002', 'Istanbul, Beşiktaş, İnönü Caddesi', 'mehmet.öztürk@gmail.com', 'Mehmet', 'Öztürk'),
       ('90000000003', 'Istanbul, Beykoz, Güzelbahçe Sokak', 'ali.kara@gmail.com', 'Ali', 'Kara'),
       ('90000000004', 'Istanbul, Kadıköy, Altıyol Caddesi', 'zeynep.demir@gmail.com', 'Zeynep', 'Demir'),
       ('90000000005', 'Istanbul, Küçükçekmece, Yeşilçay Caddesi', 'ayşe.yılmaz@gmail.com', 'Ayşe', 'Yılmaz'),
       ('90000000006', 'Istanbul, Maltepe, Büyükçekmece Caddesi', 'ömer.öztürk@gmail.com', 'Ömer', 'Öztürk'),
       ('90000000007', 'Istanbul, Sancaktepe, Küçükçekmece Caddesi', 'mustafa.yilmaz@gmail.com', 'Mustafa', 'Yılmaz'),
       ('90000000008', 'Istanbul, Sarıyer, Emirgan Caddesi', 'özge.demir@gmail.com', 'Özge', 'Demir'),
       ('90000000009', 'Istanbul, Şile, İstinye Caddesi', 'dilara.yılmaz@gmail.com', 'Dilara', 'Yılmaz'),
       ('90000000010', 'Istanbul, Silivri, Çatalca Caddesi', 'gül.öztürk@gmail.com', 'Gül', 'Öztürk'),
       ('90000000011', 'Istanbul, Ümraniye, Tuzla Caddesi', 'gülay.kara@gmail.com', 'Gülay', 'Kara'),
       ('90000000012', 'Istanbul, Üsküdar, Kandilli Caddesi', 'melike.demir@gmail.com', 'Melike', 'Demir'),
       ('90000000013', 'Istanbul, Zeytinburnu, Merdivenköy Caddesi', 'özkan.yılmaz@gmail.com', 'Özkan', 'Yılmaz'),
       ('90000000014', 'Istanbul, Bakırköy, Bağdat Caddesi', 'merve.öztürk@gmail.com', 'Merve', 'Öztürk'),
       ('90000000015', 'Istanbul, Bahçelievler, Maltepe Caddesi', 'fatoş.kara@gmail.com', 'Fatoş', 'Kara'),
       ('90000000016', 'Istanbul, Başakşehir, Küçükçekmece Caddesi', 'tülay.demir@gmail.com', 'Tülay', 'Demir'),
       ('90000000017', 'Istanbul, Bayrampaşa, Bakırköy Caddesi', 'gülşen.yılmaz@gmail.com', 'Gülşen', 'Yılmaz'),
       ('90000000018', 'Istanbul, Beylikdüzü, Atakent Caddesi', 'özgür.öztürk@gmail.com', 'Özgür', 'Öztürk'),
       ('90000000019', 'Istanbul, Beykoz, Beylikdüzü Caddesi', 'ege.kara@gmail.com', 'Ege', 'Kara'),
       ('90000000020', 'Istanbul, Büyükçekmece, Çatalca Caddesi', 'hülya.demir@gmail.com', 'Hülya', 'Demir'),
       ('80000000001', 'Istanbul, Çatalca, Silivri Caddesi', 'hayrettin.celik@gmail.com', 'Hayrettin', 'Çelik'),
       ('80000000002', 'Istanbul, Çekmeköy, Sancaktepe Caddesi', 'fehmi.imal@gmail.com', 'Fehmi', 'İmal'),
       ('80000000003', 'Istanbul, Esenyurt, Tuzla Caddesi', 'dursun.duzgun@gmail.com', 'Dursun', 'Düzgün'),
       ('80000000004', 'Istanbul, Güngören, Maltepe Caddesi', 'kenan.kaya@gmail.com', 'Kenan', 'Kaya'),
       ('80000000005', 'Istanbul, Kadıköy, Kandilli Caddesi', 'gokhan.ocak@gmail.com', 'Gökhan', 'Ocak'),
       ('80000000006', 'Istanbul, Küçükçekmece, Başakşehir Caddesi', 'caglay.dokuyucu@gmail.com', 'Çağlay', 'Dokuyucu'),
       ('80000000007', 'Istanbul, Pendik, Tuzla Caddesi', 'cihan.imal@gmail.com', 'Cihan', 'İmal'),
       ('80000000008', 'Istanbul, Sarıyer, Emirgan Caddesi', 'ramazan.cekic@gmail.com', 'Ramazan', 'Çekiç'),
       ('80000000009', 'Istanbul, Sultangazi, Çekmeköy Caddesi', 'merve.aksu@gmail.com', 'Merve', 'Aksu'),
       ('80000000010', 'Istanbul, Şile, Küçükçekmece Caddesi', 'ilker.dagdeviren@gmail.com', 'İlker', 'Dağdeviren');

INSERT INTO PHONENUMBER (CustomerID, PhoneNumber)
VALUES (1, '555-555-1212'),
       (2, '555-555-1213'),
       (3, '555-555-1214'),
       (4, '555-555-1215'),
       (5, '555-555-1216'),
       (6, '555-555-1217'),
       (7, '555-555-1218'),
       (8, '555-555-1219'),
       (9, '555-555-1220'),
       (10, '555-555-1221'),
       (11, '555-555-1222'),
       (12, '555-555-1223'),
       (13, '555-555-1224'),
       (14, '555-555-1225'),
       (15, '555-555-1226'),
       (16, '555-555-1227'),
       (17, '555-555-1228'),
       (18, '555-555-1229'),
       (19, '555-555-1230'),
       (20, '555-555-1231'),
       (1, '555-555-1234'),
       (2, '555-555-1235'),
       (3, '555-555-1236'),
       (4, '555-555-1237'),
       (5, '555-555-1238'),
       (6, '555-555-1239'),
       (7, '555-555-1240'),
       (8, '555-555-1241'),
       (9, '555-555-1242'),
       (10, '555-555-1243');

INSERT INTO CUSTOMER (TRIdentifyNo, Region, Description)
VALUES('90000000001', 1, 'Call Before You Go.'),
       ('90000000002', 2, 'Take the pos device.'),
       ('90000000004', 4, 'She changes the filters herself.'),
       ('90000000005', 5, 'She does not want Service.'),
       ('90000000016', 16, 'She does not make payments on time.');

INSERT INTO CUSTOMER (TRIdentifyNo, Region)
VALUES('90000000003', 3),
       ('90000000006', 6),
       ('90000000007', 7),
       ('90000000008', 8),
       ('90000000009', 9),
       ('90000000010', 10),
       ('90000000011', 11),
       ('90000000012', 12),
       ('90000000013', 13),
       ('90000000014', 1),
       ('90000000015', 15),
       ('90000000017', 17),
       ('90000000018', 18),
       ('90000000019', 3),
       ('90000000020', 20);

INSERT INTO EMPLOYEE (TRIdentifyNo, Authority, SystemNumber, IBAN, PhoneNumber)
VALUES('80000000001', 'Digital Sales & Marketing & E-Commerce Unit', '3', 'TR390006101052401822565141', '555-555-1244'),
        ('80000000002', 'Technical Service', '4', 'TR560012100018150999750010', '555-555-1245'),
        ('80000000003', 'Technical Service', '4', 'TR470011100070590026034523', '555-555-1246'),
        ('80000000004', 'Technical Service', '4', 'TR920039100038880058259990', '555-555-1247'),
        ('80000000005', 'Technical Service', '4', 'TR850066100024840077488878', '555-555-1248'),
        ('80000000006', 'Technical Service', '4', 'TR480078100090240067698765', '555-555-1249'),
        ('80000000007', 'Technical Service', '4', 'TR630086100069150053654123', '555-555-1250'),
        ('80000000008', 'General Manager', '1', 'TR770092100089870089756321', '555-555-1251'),
        ('80000000009', 'Accounting & Customer Relations', '2', 'TR690045100038030098654789', '555-555-1252'),
        ('80000000010', 'Technical Service', '4', 'TR730034100030790074123568', '555-555-1253');

INSERT INTO SOURCEFIRM(FirmName)
VALUES('İpek Su Arıtma'),
        ('Esli'),
        ('LG'),
        ('Veolia');

INSERT INTO PRODUCTS(ProductName, ProductType, ProductPrice, WarrantyPeriod, DeviceProperties, ProductSourceFirmID) 
VALUES ('Mineral Water Purifying Device', 'Closed Case Water Treatment Systems', 2500 , 2, 'Use Mineral', 1),
        ('Oxygen Water Purifying Device', 'Closed Case Eater Treatment Systems', 2600, 2, 'Use Oxygen', 1),
        ('New Generation Water Purifying Device', 'Closed Case Water Treatment Systems', 2550, 2, 'New Type Device', 2),
        ('Detox Water Purifying Device', 'Closed Case Water Treatment Systems', 2400, 2, 'Use Detox', 1),
        ('Water Softening Systems', 'Industrial Water Treatment Systems', 2650, 2, 'Use Water', 1),
        ('Sand Carbon Softening Systems', 'Industrial Water Treatment Systems', 2500, 2, 'Use Carbon', 1),
        ('Open Case Water Purifiers With Pump', 'Open Case Water Purifiers', 2300, 1, 'Open Case With Pump', 2),
        ('Pumpless Open Case Water Purifiers', 'Open Case Water Purifiers', 2350, 2, 'Pumples', 3),
        ('Direct Flow Water Purifiers', 'Open Case Water Purifiers', 2450, 1, 'Direct Flow', 1),
        ('High Flow Water Purifiers', 'Open Case Water Purifiers', 2400, 2, 'High Flow', 1),
        ('10 Liter Water Tank', 'Water Treatment Tank', 200, 1, '10 Liter Tank', 4),
        ('20 Liter Water Tank', 'Water Treatment Tank', 350, 1, '20 Liter Tank', 4),
        ('Stainless Steel Purified Water Dispenser', 'Water Dispensers', 1000, 1, 'Stainless', 1),
        ('Industrial Type Purified Water Dispenser', 'Water Dispensers', 1050, 1, 'Industrial Type', 3),
        ('Home, Office, Restaurant Type Purified Water Dispenser', 'Water Dispensers', 900, 1, 'Home, Office, Restaurant Type', 1);

INSERT INTO STOCK(StockCount, StockProductID)
VALUES(50, 1),
        (45, 2),
        (40, 3),
        (35, 4),
        (30, 5),
        (50, 6),
        (45, 7),
        (40, 8),
        (45, 9),
        (50, 10),
        (55, 11),
        (40, 12),
        (50, 13),
        (45, 14),
        (60, 15);

INSERT INTO SALES (SalePrice, NumberOfInstallment, SaleDate, SaleDescription, SaleType, SaleCustomerID, SaleEmployeeID)
VALUES (2000, 10, '2021-01-08', 'The customer will install the product.', 'Cash', 1, 1);
INSERT INTO SALES (SalePrice, NumberOfInstallment, SaleDate, SaleDescription, SaleType, SaleCustomerID, SaleEmployeeID)
VALUES (2000, 1, '2021-01-11', 'The customer will install the product.', 'Cash', 2, 2);
INSERT INTO SALES (SalePrice, NumberOfInstallment, SaleDate, SaleDescription, SaleType, SaleCustomerID, SaleEmployeeID)
VALUES (1900, 1, '2021-01-17', 'The customer will install the product.', 'Cash', 3, 3);
INSERT INTO SALES (SalePrice, NumberOfInstallment, SaleDate, SaleDescription, SaleType, SaleCustomerID, SaleEmployeeID)
VALUES (2500, 1, '2021-01-21', 'Technician will be sent.', 'Cash', 4, 4);
INSERT INTO SALES (SalePrice, NumberOfInstallment, SaleDate, SaleDescription, SaleType, SaleCustomerID, SaleEmployeeID)
VALUES (2399, 1, '2021-01-24', 'Technician will be sent.', 'Cash', 5, 5);
INSERT INTO SALES (SalePrice, NumberOfInstallment, SaleDate, SaleDescription, SaleType, SaleCustomerID, SaleEmployeeID)
VALUES (2999, 3, '2021-01-27', 'Technician will be sent.', 'Cash', 6, 6);
INSERT INTO SALES (SalePrice, NumberOfInstallment, SaleDate, SaleDescription, SaleType, SaleCustomerID, SaleEmployeeID)
VALUES (6000, 4, '2021-02-08', 'Technician will be sent.', 'Cash', 7, 7);
INSERT INTO SALES (SalePrice, NumberOfInstallment, SaleDate, SaleDescription, SaleType, SaleCustomerID, SaleEmployeeID)
VALUES (2000, 5, '2021-02-15', 'Technician will be sent.', 'Cash', 8, 8);
INSERT INTO SALES (SalePrice, NumberOfInstallment, SaleDate, SaleDescription, SaleType, SaleCustomerID, SaleEmployeeID)
VALUES (2100, 6, '2021-03-08', 'Technician will be sent.', 'Cash', 9, 9);
INSERT INTO SALES (SalePrice, NumberOfInstallment, SaleDate, SaleDescription, SaleType, SaleCustomerID, SaleEmployeeID)
VALUES (2000, 7, '2021-03-11', 'Technician will be sent.', 'Credit Card', 10, 10);
INSERT INTO SALES (SalePrice, NumberOfInstallment, SaleDate, SaleDescription, SaleType, SaleCustomerID, SaleEmployeeID)
VALUES (2200, 8, '2021-03-17', 'Technician will be sent.', 'Credit Card', 11, 1);
INSERT INTO SALES (SalePrice, NumberOfInstallment, SaleDate, SaleDescription, SaleType, SaleCustomerID, SaleEmployeeID)
VALUES (2400, 5, '2021-04-21', 'Technician will be sent.', 'Credit Card', 12, 2);
INSERT INTO SALES (SalePrice, NumberOfInstallment, SaleDate, SaleDescription, SaleType, SaleCustomerID, SaleEmployeeID)
VALUES (3200, 6, '2021-04-24', 'Technician will be sent.', 'Credit Card', 13, 3);
INSERT INTO SALES (SalePrice, NumberOfInstallment, SaleDate, SaleDescription, SaleType, SaleCustomerID, SaleEmployeeID)
VALUES (4000, 9, '2021-05-27', 'Technician will be sent.', 'Credit Card', 14, 4);
INSERT INTO SALES (SalePrice, NumberOfInstallment, SaleDate, SaleDescription, SaleType, SaleCustomerID, SaleEmployeeID)
VALUES (2400, 6, '2022-05-08', 'Technician will be sent.', 'Credit Card', 15, 5);
INSERT INTO SALES (SalePrice, NumberOfInstallment, SaleDate, SaleDescription, SaleType, SaleCustomerID, SaleEmployeeID)
VALUES (2200, 10, '2022-06-15', 'Technician will be sent.', 'Credit Card', 16, 6);
INSERT INTO SALES (SalePrice, NumberOfInstallment, SaleDate, SaleDescription, SaleType, SaleCustomerID, SaleEmployeeID)
VALUES (2100, 3, '2022-06-11', 'Technician will be sent.', 'Credit Card', 17, 7);
INSERT INTO SALES (SalePrice, NumberOfInstallment, SaleDate, SaleDescription, SaleType, SaleCustomerID, SaleEmployeeID)
VALUES (3200, 11, '2022-07-19', 'The customer will install the product.', 'Credit Card', 18, 8);
INSERT INTO SALES (SalePrice, NumberOfInstallment, SaleDate, SaleDescription, SaleType, SaleCustomerID, SaleEmployeeID)
VALUES (3000, 12, '2022-07-27', 'The customer will install the product.', 'Credit Card', 19, 9);
INSERT INTO SALES (SalePrice, NumberOfInstallment, SaleDate, SaleDescription, SaleType, SaleCustomerID, SaleEmployeeID)
VALUES (2300, 5, '2022-08-29', 'The customer will install the product.', 'Credit Card', 20, 10);


INSERT INTO SALESPRODUCT (SaleContractNumber, ProductID, COUNT)
VALUES (1, 5, 1),
        (2, 6, 3),
        (3, 7, 2),
        (4, 8, 1),
        (5, 9, 3),
        (6, 10, 2),
        (7, 5, 1),
        (8, 6, 1),
        (9, 7, 2),
        (10, 8, 1),
        (11, 1, 1),
        (12, 2, 2),
        (13, 3, 1),
        (14, 4, 3),
        (15, 15, 2),
        (16, 14, 1),
        (17, 13, 1),
        (18, 1, 2),
        (19, 2, 1),
        (20, 3, 2),
        (1, 3, 3),
        (2, 5, 4),
        (3, 8, 5),
        (4, 9, 3),
        (5, 12, 2),
        (6, 11, 2),
        (7, 8, 1),
        (8, 1, 2),
        (9, 9, 3),
        (10, 14, 2);


INSERT INTO SERVICE(ServiceDate, Type, ServiceFee, NumberOfInstallment, ServiceCustomerID, ServiceEmployeeID)
VALUES('2021-03-08', 11, 500, 2, 1, 2);
INSERT INTO SERVICE(ServiceDate, Type, ServiceFee, NumberOfInstallment, ServiceCustomerID, ServiceEmployeeID)
VALUES('2021-03-11', 12, 400, 2, 2, 3);
INSERT INTO SERVICE(ServiceDate, Type, ServiceFee, NumberOfInstallment, ServiceCustomerID, ServiceEmployeeID)
VALUES('2021-03-17', 13, 400, 3, 3, 4);
INSERT INTO SERVICE(ServiceDate, Type, ServiceFee, NumberOfInstallment, ServiceCustomerID, ServiceEmployeeID)
VALUES('2021-03-21', 14, 500, 4, 4, 5);
INSERT INTO SERVICE(ServiceDate, Type, ServiceFee, NumberOfInstallment, ServiceCustomerID, ServiceEmployeeID)
VALUES('2021-03-22', 15, 500, 2, 5, 6);
INSERT INTO SERVICE(ServiceDate, Type, ServiceFee, NumberOfInstallment, ServiceCustomerID, ServiceEmployeeID)
VALUES('2021-03-24', 21, 500, 1, 6, 7);
INSERT INTO SERVICE(ServiceDate, Type, ServiceFee, NumberOfInstallment, ServiceCustomerID, ServiceEmployeeID)
VALUES('2021-04-08', 22, 500, 1, 7, 10);
INSERT INTO SERVICE(ServiceDate, Type, ServiceFee, NumberOfInstallment, ServiceCustomerID, ServiceEmployeeID)
VALUES('2021-05-08', 23, 400, 1, 8, 2);
INSERT INTO SERVICE(ServiceDate, Type, ServiceFee, NumberOfInstallment, ServiceCustomerID, ServiceEmployeeID)
VALUES('2021-05-17', 24, 500, 2, 9, 3);
INSERT INTO SERVICE(ServiceDate, Type, ServiceFee, NumberOfInstallment, ServiceCustomerID, ServiceEmployeeID)
VALUES('2021-05-20', 25, 500, 2, 10, 4);
INSERT INTO SERVICE(ServiceDate, Type, ServiceFee, NumberOfInstallment, ServiceCustomerID, ServiceEmployeeID)
VALUES('2021-05-21', 12, 500, 3, 11, 5);
INSERT INTO SERVICE(ServiceDate, Type, ServiceFee, NumberOfInstallment, ServiceCustomerID, ServiceEmployeeID)
VALUES('2021-06-27', 14, 400, 4, 12, 6);
INSERT INTO SERVICE(ServiceDate, Type, ServiceFee, NumberOfInstallment, ServiceCustomerID, ServiceEmployeeID)
VALUES('2022-07-15', 15, 400, 3, 13, 7);
INSERT INTO SERVICE(ServiceDate, Type, ServiceFee, NumberOfInstallment, ServiceCustomerID, ServiceEmployeeID)
VALUES('2022-07-28', 11, 400, 4, 14, 10);
INSERT INTO SERVICE(ServiceDate, Type, ServiceFee, NumberOfInstallment, ServiceCustomerID, ServiceEmployeeID)
VALUES('2022-08-27', 14, 500, 3, 15, 2);
INSERT INTO SERVICE(ServiceDate, Type, ServiceFee, NumberOfInstallment, ServiceCustomerID, ServiceEmployeeID)
VALUES('2022-09-29', 21, 500, 1, 16, 3);
INSERT INTO SERVICE(ServiceDate, Type, ServiceFee, NumberOfInstallment, ServiceCustomerID, ServiceEmployeeID)
VALUES('2022-10-15', 22, 500, 2, 17, 4);
INSERT INTO SERVICE(ServiceDate, Type, ServiceFee, NumberOfInstallment, ServiceCustomerID, ServiceEmployeeID)
VALUES('2022-11-27', 23, 400, 2, 18, 5);
INSERT INTO SERVICE(ServiceDate, Type, ServiceFee, NumberOfInstallment, ServiceCustomerID, ServiceEmployeeID)
VALUES('2022-11-29', 22, 500, 1, 19, 6);
INSERT INTO SERVICE(ServiceDate, Type, ServiceFee, NumberOfInstallment, ServiceCustomerID, ServiceEmployeeID)
VALUES('2022-11-30', 15, 500, 4, 20, 7);

INSERT INTO SERVICEPRODUCT(ServiceID, ProductID, COUNT)
VALUES(1, 5, 1),
        (2, 6, 3),
        (3, 7, 2),
        (4, 8, 1),
        (5, 9, 3),
        (6, 10, 2),
        (7, 5, 1),
        (8, 6, 1),
        (9, 7, 2),
        (10, 8, 1),
        (11, 1, 1),
        (12, 2, 2),
        (13, 3, 1),
        (14, 4, 3),
        (15, 15, 2),
        (16, 14, 1),
        (17, 13, 1),
        (18, 1, 2),
        (19, 2, 1),
        (20, 3, 2),
        (1, 3, 3),
        (2, 5, 4),
        (3, 8, 5),
        (4, 9, 3),
        (5, 12, 2),
        (6, 11, 2),
        (7, 8, 1),
        (8, 1, 2),
        (9, 9, 3),
        (10, 14, 2);

INSERT INTO SERVICEREQUEST(RequestDate, Description, ServiceRequestCustomerID)
VALUES('2022-12-01', 11, 1),
        ('2022-12-02', 12, 2),
        ('2022-12-03', 13, 3),
        ('2022-12-04', 14, 4),
        ('2022-12-05', 15, 5),
        ('2022-12-06', 15, 6),
        ('2022-12-07', 15, 7),
        ('2022-12-08', 14, 8),
        ('2022-12-09', 14, 9),
        ('2022-12-10', 11, 10),
        ('2022-12-11', 21, 11),
        ('2022-12-12', 22, 12),
        ('2022-12-13', 23, 13),
        ('2022-12-14', 24, 14),
        ('2022-12-15', 25, 15),
        ('2022-12-16', 22, 16),
        ('2022-12-17', 25, 17),
        ('2022-12-18', 24, 18),
        ('2022-12-19', 21, 19),
        ('2022-12-20', 22, 20);
